<?xml version="1.0" encoding="UTF-8"?>
<Environment>
  <Id>GeneratedTopology</Id>
  <Machines>
    <Machine>
      <Id>Generated_Machine</Id>
      <AlternateId>Generated_Alternate</AlternateId>
      <LogicalHosts>
        <LogicalHost>GeneratedHost</LogicalHost>
      </LogicalHosts>
    </Machine>
  </Machines>
  <Settings/>
  <Parameters>
    <Parameter>
      <Id>@AdministratorPassword@</Id>
      <Value></Value>
    </Parameter>
    <Parameter>
      <Id>@AdministratorUser@</Id>
      <Value></Value>
    </Parameter>
    <Parameter>
      <Id>@ClusterID@</Id>
      <Value></Value>
    </Parameter>
    <Parameter>
      <Id>@DomainName@</Id>
      <Value></Value>
    </Parameter>
    <Parameter>
      <Id>@ESBLicenseKey@</Id>
      <Value></Value>
    </Parameter>
    <Parameter>
      <Id>@MFESBContainer@</Id>
      <Value></Value>
    </Parameter>
    <Parameter>
      <Id>@MQLicenseKey@</Id>
      <Value></Value>
    </Parameter>
    <Parameter>
      <Id>@PrimaryManagementHost@</Id>
      <Value></Value>
    </Parameter>
    <Parameter>
      <Id>@PrimaryManagementPort@</Id>
      <Value></Value>
    </Parameter>
    <Parameter>
      <Id>@RoutingNodeName@</Id>
      <Value></Value>
    </Parameter>
    <Parameter>
      <Id>@con.jms_defaultConnection.SSL_CA_CERTIFICATES_DIR@</Id>
      <Value>C:\Aurea\Sonic17SP4\MQ10.0/certs/CA</Value>
    </Parameter>
    <Parameter>
      <Id>@con.jms_defaultConnection.SSL_CERTIFICATE_CHAIN@</Id>
      <Value>C:\Aurea\Sonic17SP4\MQ10.0/certs/client.p7c</Value>
    </Parameter>
    <Parameter>
      <Id>@con.jms_defaultConnection.SSL_CERTIFICATE_CHAIN_FORM@</Id>
      <Value>PKCS7</Value>
    </Parameter>
    <Parameter>
      <Id>@con.jms_defaultConnection.SSL_CIPHER_SUITES@</Id>
      <Value>SSL_RSA_WITH_3DES_EDE_CBC_SHA</Value>
    </Parameter>
    <Parameter>
      <Id>@con.jms_defaultConnection.SSL_JSSE_KEY_STORE_KEY_ALIAS@</Id>
      <Value></Value>
    </Parameter>
    <Parameter>
      <Id>@con.jms_defaultConnection.SSL_JSSE_KEY_STORE_KEY_PASSWORD@</Id>
      <Value></Value>
    </Parameter>
    <Parameter>
      <Id>@con.jms_defaultConnection.SSL_JSSE_KEY_STORE_LOCATION@</Id>
      <Value></Value>
    </Parameter>
    <Parameter>
      <Id>@con.jms_defaultConnection.SSL_JSSE_KEY_STORE_PASSWORD@</Id>
      <Value></Value>
    </Parameter>
    <Parameter>
      <Id>@con.jms_defaultConnection.SSL_JSSE_KEY_STORE_TYPE@</Id>
      <Value></Value>
    </Parameter>
    <Parameter>
      <Id>@con.jms_defaultConnection.SSL_JSSE_TRUST_MANAGER@</Id>
      <Value></Value>
    </Parameter>
    <Parameter>
      <Id>@con.jms_defaultConnection.SSL_JSSE_TRUST_STORE_LOCATION@</Id>
      <Value></Value>
    </Parameter>
    <Parameter>
      <Id>@con.jms_defaultConnection.SSL_JSSE_TRUST_STORE_PASSWORD@</Id>
      <Value></Value>
    </Parameter>
    <Parameter>
      <Id>@con.jms_defaultConnection.SSL_JSSE_TRUST_STORE_TYPE@</Id>
      <Value></Value>
    </Parameter>
    <Parameter>
      <Id>@con.jms_defaultConnection.SSL_PRIVATE_KEY@</Id>
      <Value>C:\Aurea\Sonic17SP4\MQ10.0/certs/clientKey.pkcs8</Value>
    </Parameter>
    <Parameter>
      <Id>@con.jms_defaultConnection.SSL_PRIVATE_KEY_PASSWORD@</Id>
      <Value>password</Value>
    </Parameter>
    <Parameter>
      <Id>@con.jms_defaultConnection.SSL_PROVIDER_CLASS@</Id>
      <Value></Value>
    </Parameter>
    <Parameter>
      <Id>@con.jms_defaultConnection.password@</Id>
      <Value>Administrator</Value>
    </Parameter>
    <Parameter>
      <Id>@con.jms_defaultConnection.url@</Id>
      <Value>tcp://WIN-5N4R5OBAO6N:7406</Value>
    </Parameter>
    <Parameter>
      <Id>@con.jms_defaultConnection.user@</Id>
      <Value>Administrator</Value>
    </Parameter>
    <Parameter>
      <Id>@svc.StringOpsServiceInstance.com.sonicsw.xq.service.executor.POJOExecutor.delegate@</Id>
      <Value></Value>
    </Parameter>
    <Parameter>
      <Id>@svc.StringOpsServiceInstance.verbose@</Id>
      <Value></Value>
    </Parameter>
  </Parameters>
</Environment>