<?xml version="1.0" encoding="utf-8"?>
<Environment>
	<Id>localtest</Id>
	<Machines>
		<Machine>
			<Id>localhost</Id>
			<LogicalHosts>
				<LogicalHost>dshost</LogicalHost>
				<LogicalHost>esbhost</LogicalHost>
			</LogicalHosts>
		</Machine>
	</Machines>
	<Settings />
	<Parameters>
		<Parameter>
			<Id>@AdministratorPassword@</Id>
			<Value>Administrator</Value>
		</Parameter>
		<Parameter>
			<Id>@AdministratorUser@</Id>
			<Value>Administrator</Value>
		</Parameter>
		<Parameter>
			<Id>@ClusterID@</Id>
			<Value>ClusterID</Value>
		</Parameter>
		<Parameter>
			<Id>@DomainName@</Id>
			<Value>dmModel</Value>
		</Parameter>
		<Parameter>
			<Id>@MFESBContainer@</Id>
			<Value>MFESBContainer</Value>
		</Parameter>
		<Parameter>
			<Id>@PrimaryManagementHost@</Id>
			<Value>localhost</Value>
		</Parameter>
		<Parameter>
			<Id>@PrimaryManagementPort@</Id>
			<Value>2608</Value>
		</Parameter>
		<Parameter>
			<Id>@con.jms_defaultConnection.url@</Id>
			<Value>tcp://localhost:2608</Value>
		</Parameter>
		<Parameter>
			<Id>@con.http_defaultConnection.url@</Id>
			<Value>tcp://localhost:2608</Value>
		</Parameter>
		<Parameter>
			<Id>@RoutingNodeName@</Id>
			<Value>RoutingNodeName</Value>
		</Parameter>
		<Parameter>
			<Id>@MQLicenseKey@</Id>
			<Value>2dv5qe8qw1aaey3</Value>
		</Parameter>
		<Parameter>
			<Id>@ESBLicenseKey@</Id>
			<Value>0vbuue8qw1aaey3</Value>
		</Parameter>
	</Parameters>
</Environment>