<?xml version="1.0" encoding="UTF-8"?>
<Model xmlns:xi="http://www.w3.org/2001/XInclude" xsi:noNamespaceSchemaLocation="file:/C:/Aurea/Sonic2015/SDM10.0/schemas/Model.xsd" xmlns:xsi="http://www.w3.org/2001/XMLSchema-instance">
  <GeneralConfig>
    <ModelName>SDM package</ModelName>
    <Version>1.0.0-SNAPSHOT</Version>
    <Description>SDM package for Sonic ESB projects</Description>
  </GeneralConfig>
  <DSReference>
    <DomainName>@DomainName@</DomainName>
    <BasePort>@PrimaryManagementPort@</BasePort>
    <DSHostName>@PrimaryManagementHost@</DSHostName>
    <User>@AdministratorUser@</User>
    <Password>@AdministratorPassword@</Password>
  </DSReference>
  <DSHost>
    <LogicalHosts>
      <LogicalHost>dshost</LogicalHost>
    </LogicalHosts>
    <License>@MQLicenseKey@</License>
    <BasePort>@PrimaryManagementPort@</BasePort>
    <BrokerName>MgmtBroker</BrokerName>
    <TargetContainer>DomainManager</TargetContainer>
    <TargetHost>@PrimaryManagementHost@</TargetHost>
  </DSHost>
  <ESBBase>
    <License>@ESBLicenseKey@</License>
  </ESBBase>
  <RDBMSBase></RDBMSBase>
  <Cluster>
    <Id>@ClusterID@</Id>
    <Queues>ClusterQueues</Queues>
    <Routing>
      <RoutingNodeName>@RoutingNodeName@</RoutingNodeName>
    </Routing>
  </Cluster>
  <Queues>
    <Id>ClusterQueues</Id>
  </Queues>
  <TargetContainer>
    <Id>@MFESBContainer@</Id>
  </TargetContainer>
  <ESBArchive>
    <LogicalHosts>
      <LogicalHost>XARHost</LogicalHost>
    </LogicalHosts>
    <Id>StringOpsPackage-1.0.0-SNAPSHOT.xar</Id>
  </ESBArchive>
  <ESBArchive>
    <LogicalHosts>
      <LogicalHost>XARHost</LogicalHost>
    </LogicalHosts>
    <Id>StringOpsProcess-1.0.0-SNAPSHOT.xar</Id>
  </ESBArchive>
  <ESBArchive>
    <LogicalHosts>
      <LogicalHost>XARHost</LogicalHost>
    </LogicalHosts>
    <Id>StringOpsService-1.1-SNAPSHOT.xar</Id>
  </ESBArchive>
  <xi:include href="modelincludes/ctESB_@MFESBContainer@_inc_model.xml"/>
</Model>