<?xml version="1.0" encoding="UTF-8"?>
<Topology xmlns:xi="http://www.w3.org/2001/XInclude" xsi:noNamespaceSchemaLocation="Topology.xsd" xmlns:xsi="http://www.w3.org/2001/XMLSchema-instance">
  <Parameters>
    <Parameter>
      <Id>@AdministratorPassword@</Id>
      <DefaultValue></DefaultValue>
    </Parameter>
    <Parameter>
      <Id>@AdministratorUser@</Id>
      <DefaultValue></DefaultValue>
    </Parameter>
    <Parameter>
      <Id>@ClusterID@</Id>
      <DefaultValue></DefaultValue>
    </Parameter>
    <Parameter>
      <Id>@DomainName@</Id>
      <DefaultValue></DefaultValue>
    </Parameter>
    <Parameter>
      <Id>@ESBLicenseKey@</Id>
      <DefaultValue></DefaultValue>
    </Parameter>
    <Parameter>
      <Id>@MFESBContainer@</Id>
      <DefaultValue></DefaultValue>
    </Parameter>
    <Parameter>
      <Id>@MQLicenseKey@</Id>
      <DefaultValue></DefaultValue>
    </Parameter>
    <Parameter>
      <Id>@PrimaryManagementHost@</Id>
      <DefaultValue></DefaultValue>
    </Parameter>
    <Parameter>
      <Id>@PrimaryManagementPort@</Id>
      <DefaultValue></DefaultValue>
    </Parameter>
    <Parameter>
      <Id>@RoutingNodeName@</Id>
      <DefaultValue></DefaultValue>
    </Parameter>
    <Parameter>
      <Id>@con.http_defaultConnection.url@</Id>
      <DefaultValue></DefaultValue>
    </Parameter>
    <Parameter>
      <Id>@con.jms_defaultConnection.SSL_CA_CERTIFICATES_DIR@</Id>
      <DefaultValue>C:\Aurea\Sonic17SP4\MQ10.0/certs/CA</DefaultValue>
    </Parameter>
    <Parameter>
      <Id>@con.jms_defaultConnection.SSL_CERTIFICATE_CHAIN@</Id>
      <DefaultValue>C:\Aurea\Sonic17SP4\MQ10.0/certs/client.p7c</DefaultValue>
    </Parameter>
    <Parameter>
      <Id>@con.jms_defaultConnection.SSL_CERTIFICATE_CHAIN_FORM@</Id>
      <DefaultValue>PKCS7</DefaultValue>
    </Parameter>
    <Parameter>
      <Id>@con.jms_defaultConnection.SSL_CIPHER_SUITES@</Id>
      <DefaultValue>SSL_RSA_WITH_3DES_EDE_CBC_SHA</DefaultValue>
    </Parameter>
    <Parameter>
      <Id>@con.jms_defaultConnection.SSL_JSSE_KEY_STORE_KEY_ALIAS@</Id>
      <DefaultValue></DefaultValue>
    </Parameter>
    <Parameter>
      <Id>@con.jms_defaultConnection.SSL_JSSE_KEY_STORE_KEY_PASSWORD@</Id>
      <DefaultValue></DefaultValue>
    </Parameter>
    <Parameter>
      <Id>@con.jms_defaultConnection.SSL_JSSE_KEY_STORE_LOCATION@</Id>
      <DefaultValue></DefaultValue>
    </Parameter>
    <Parameter>
      <Id>@con.jms_defaultConnection.SSL_JSSE_KEY_STORE_PASSWORD@</Id>
      <DefaultValue></DefaultValue>
    </Parameter>
    <Parameter>
      <Id>@con.jms_defaultConnection.SSL_JSSE_KEY_STORE_TYPE@</Id>
      <DefaultValue></DefaultValue>
    </Parameter>
    <Parameter>
      <Id>@con.jms_defaultConnection.SSL_JSSE_TRUST_MANAGER@</Id>
      <DefaultValue></DefaultValue>
    </Parameter>
    <Parameter>
      <Id>@con.jms_defaultConnection.SSL_JSSE_TRUST_STORE_LOCATION@</Id>
      <DefaultValue></DefaultValue>
    </Parameter>
    <Parameter>
      <Id>@con.jms_defaultConnection.SSL_JSSE_TRUST_STORE_PASSWORD@</Id>
      <DefaultValue></DefaultValue>
    </Parameter>
    <Parameter>
      <Id>@con.jms_defaultConnection.SSL_JSSE_TRUST_STORE_TYPE@</Id>
      <DefaultValue></DefaultValue>
    </Parameter>
    <Parameter>
      <Id>@con.jms_defaultConnection.SSL_PRIVATE_KEY@</Id>
      <DefaultValue>C:\Aurea\Sonic17SP4\MQ10.0/certs/clientKey.pkcs8</DefaultValue>
    </Parameter>
    <Parameter>
      <Id>@con.jms_defaultConnection.SSL_PRIVATE_KEY_PASSWORD@</Id>
      <DefaultValue>password</DefaultValue>
    </Parameter>
    <Parameter>
      <Id>@con.jms_defaultConnection.SSL_PROVIDER_CLASS@</Id>
      <DefaultValue></DefaultValue>
    </Parameter>
    <Parameter>
      <Id>@con.jms_defaultConnection.password@</Id>
      <DefaultValue>Administrator</DefaultValue>
    </Parameter>
    <Parameter>
      <Id>@con.jms_defaultConnection.url@</Id>
      <DefaultValue>tcp://WIN-5N4R5OBAO6N:7406</DefaultValue>
    </Parameter>
    <Parameter>
      <Id>@con.jms_defaultConnection.user@</Id>
      <DefaultValue>Administrator</DefaultValue>
    </Parameter>
    <Parameter>
      <Id>@svc.StringOpsServiceInstance.com.sonicsw.xq.service.executor.POJOExecutor.delegate@</Id>
      <DefaultValue></DefaultValue>
    </Parameter>
    <Parameter>
      <Id>@svc.StringOpsServiceInstance.verbose@</Id>
      <DefaultValue></DefaultValue>
    </Parameter>
  </Parameters>
  <xi:include href="localtest.Topology.xml"/>
  <Environment>
    <Id>default</Id>
    <Machines>
      <Machine>
        <Id>localhost</Id>
        <AlternateId>127.0.0.1</AlternateId>
        <AlternateId>::1</AlternateId>
      </Machine>
    </Machines>
  </Environment>
</Topology>